<?xml version="1.0" encoding="utf-8" ?>
<dwsync>
<file name="styl.css" server="C:/xampp/htdocs/" local="132596828290000000" remote="132596792290000000" Dst="2" />
<file name="promocja.png" server="C:/xampp/htdocs/" local="132584716750000000" remote="132584680750000000" Dst="2" />
<file name="index.php" server="C:/xampp/htdocs/" local="132594324450000000" remote="132594288450000000" Dst="2" />
<file name="sklep.sql" server="C:/xampp/htdocs/" local="132590761260000000" remote="132590725260000000" Dst="2" />
<file name="kwerendy.txt" server="C:/xampp/htdocs/" local="132590773870000000" remote="132590737870000000" Dst="2" />
<file name="kweredna2.jpg" server="C:/xampp/htdocs/" local="132590768760000000" remote="132590732760000000" Dst="2" />
<file name="kweredna1.jpg" server="C:/xampp/htdocs/" local="132590767120000000" remote="132590731120000000" Dst="2" />
<file name="baza.jpg" server="C:/xampp/htdocs/" local="132590764060000000" remote="132590728060000000" Dst="2" />
<file name="sklep_papierniczy.pdf" server="C:/xampp/htdocs/" local="132590758490000000" remote="132590722490000000" Dst="2" />
<file name="kweredn3.jpg" server="C:/xampp/htdocs/" local="132590773740000000" remote="132590737740000000" Dst="2" />
</dwsync>