<?xml version="1.0" encoding="utf-8" ?>
<dwsync>
<file name="wedkuj.php" server="C:/xampp/htdocs/" local="132622661200813224" remote="132622661200000000" Dst="2" />
<file name="ryba1.jpg" server="C:/xampp/htdocs/" local="132622634838769758" remote="132622634830000000" Dst="2" />
<file name="baza.sql" server="C:/xampp/htdocs/" local="132622612485772375" remote="132622612480000000" Dst="2" />
<file name="ee09-2019-czerwiec-egzamin-zawodowy-praktyczny-zasady-oceniania.pdf" server="C:/xampp/htdocs/" local="132622625932808798" remote="132622625930000000" Dst="2" />
<file name="import.png" server="C:/xampp/htdocs/" local="132622614792524395" remote="132622614790000000" Dst="2" />
<file name="kw1.png" server="C:/xampp/htdocs/" local="132622620356074477" remote="132622620350000000" Dst="2" />
<file name="kw2.png" server="C:/xampp/htdocs/" local="132622622729284921" remote="132622622720000000" Dst="2" />
<file name="kw3.png" server="C:/xampp/htdocs/" local="132622626222780687" remote="132622626220000000" Dst="2" />
<file name="kw4.png" server="C:/xampp/htdocs/" local="132622632233852903" remote="132622632230000000" Dst="2" />
<file name="Kwerendy.txt" server="C:/xampp/htdocs/" local="132622632376113628" remote="132622632370000000" Dst="2" />
<file name="styl_1.css" server="C:/xampp/htdocs/" local="132622650467716229" remote="132622650460000000" Dst="2" />
<file name="ee09-2019-czerwiec-egzamin-zawodowy-praktyczny.pdf" server="C:/xampp/htdocs/" local="132622613037642399" remote="132622613030000000" Dst="2" />
</dwsync>