<?xml version="1.0" encoding="utf-8" ?>
<dwsync>
<file name="futbol.php" server="C:/xampp/htdocs/" local="132772943678554050" remote="132772943670000000" Dst="2" />
<file name="styl.css" server="C:/xampp/htdocs/" local="132769658579425221" remote="132769658570000000" Dst="2" />
<file name="obraz1.jpg" server="C:/xampp/htdocs/" local="132769447055889454" remote="132769447050000000" Dst="2" />
<file name="zad1.png" server="C:/xampp/htdocs/" local="132769525449884463" remote="132769525440000000" Dst="2" />
<file name="egzamin.sql" server="C:/xampp/htdocs/" local="132769447115512687" remote="132769447110000000" Dst="2" />
<file name="import.png" server="C:/xampp/htdocs/" local="132769449536374760" remote="132769449530000000" Dst="2" />
<file name="kw1.jpg" server="C:/xampp/htdocs/" local="132769452072727003" remote="132769452070000000" Dst="2" />
<file name="kw2.jpg" server="C:/xampp/htdocs/" local="132769453653246396" remote="132769453650000000" Dst="2" />
<file name="kw3.jpg" server="C:/xampp/htdocs/" local="132769456827114579" remote="132769456820000000" Dst="2" />
<file name="kw4.jpg" server="C:/xampp/htdocs/" local="132769457512791591" remote="132769457510000000" Dst="2" />
<file name="kwerendy.txt" server="C:/xampp/htdocs/" local="132769457391544490" remote="132769457390000000" Dst="2" />
<file name="ee_09_2021_01_01_SG_kolor.pdf" server="C:/xampp/htdocs/" local="132769446895887590" remote="132769446890000000" Dst="2" />
</dwsync>